"DESCRIPTION","DURATION IN MS","NAME","PARENT SUITE","START TIME","STATUS","STOP TIME","SUB SUITE","SUITE","TEST CLASS","TEST METHOD"
"","2438","should scan the Open New Account page for WCAG accessibility violations","webkit","2026-10-06","passed","2026-10-06","Banking Application - Accessibility","accessibility/accessibility.spec.ts","",""
"","5063","should scan the login page for WCAG accessibility violations","webkit","2026-10-06","passed","2026-10-06","Banking Application - Accessibility","accessibility/accessibility.spec.ts","",""
"","922","should prevent login with empty credentials","chromium","2026-10-06","passed","2026-10-06","Banking Application - Login","tests/login.spec.ts","",""
"","1344","should successfully login with valid credentials","chromium","2026-10-06","passed","2026-10-06","Banking Application - Login","tests/login.spec.ts","",""
"","2003","should scan the Accounts Overview page for WCAG accessibility violations","firefox","2026-10-06","passed","2026-10-06","Banking Application - Accessibility","accessibility/accessibility.spec.ts","",""
"","1356","should verify customer accounts through UI and API","chromium","2026-10-06","passed","2026-10-06","Banking Application - UI and API Integration","tests/account-integration.spec.ts","",""
"","105","should return 400 for invalid customer ID","webkit","2026-10-06","passed","2026-10-06","Banking Application - API","tests/api.spec.ts","",""
"","1607","should verify customer accounts through UI and API","firefox","2026-10-06","passed","2026-10-06","Banking Application - UI and API Integration","tests/account-integration.spec.ts","",""
"","1406","should scan the login page for WCAG accessibility violations","chromium","2026-10-06","passed","2026-10-06","Banking Application - Accessibility","accessibility/accessibility.spec.ts","",""
"","1149","should successfully login with valid credentials","firefox","2026-10-06","passed","2026-10-06","Banking Application - Login","tests/login.spec.ts","",""
"","112","should retrieve customer accounts as JSON","chromium","2026-10-06","passed","2026-10-06","Banking Application - API","tests/api.spec.ts","",""
"","1891","should open a new savings account","firefox","2026-10-06","passed","2026-10-06","Banking Application - Account Opening","tests/open-account.spec.ts","",""
"","101","should retrieve customer accounts as JSON","firefox","2026-10-06","passed","2026-10-06","Banking Application - API","tests/api.spec.ts","",""
"","1560","should scan the Accounts Overview page for WCAG accessibility violations","chromium","2026-10-06","passed","2026-10-06","Banking Application - Accessibility","accessibility/accessibility.spec.ts","",""
"","1314","should prevent login with empty credentials","webkit","2026-10-06","passed","2026-10-06","Banking Application - Login","tests/login.spec.ts","",""
"","2229","should scan the Open New Account page for WCAG accessibility violations","firefox","2026-10-06","passed","2026-10-06","Banking Application - Accessibility","accessibility/accessibility.spec.ts","",""
"","2459","should scan the login page for WCAG accessibility violations","firefox","2026-10-06","passed","2026-10-06","Banking Application - Accessibility","accessibility/accessibility.spec.ts","",""
"","1084","should prevent login with empty credentials","firefox","2026-10-06","passed","2026-10-06","Banking Application - Login","tests/login.spec.ts","",""
"","112","should retrieve customer accounts as JSON","webkit","2026-10-06","passed","2026-10-06","Banking Application - API","tests/api.spec.ts","",""
"","1734","should verify customer accounts through UI and API","webkit","2026-10-06","passed","2026-10-06","Banking Application - UI and API Integration","tests/account-integration.spec.ts","",""
"","2343","should scan the Accounts Overview page for WCAG accessibility violations","webkit","2026-10-06","passed","2026-10-06","Banking Application - Accessibility","accessibility/accessibility.spec.ts","",""
"","102","should return 400 for invalid customer ID","firefox","2026-10-06","passed","2026-10-06","Banking Application - API","tests/api.spec.ts","",""
"","1945","should open a new savings account","webkit","2026-10-06","passed","2026-10-06","Banking Application - Account Opening","tests/open-account.spec.ts","",""
"","6","should validate customer accounts using SQL","webkit","2026-10-06","passed","2026-10-06","Banking Application - Database Validation","tests/database.spec.ts","",""
"","150","should return 400 for invalid customer ID","chromium","2026-10-06","passed","2026-10-06","Banking Application - API","tests/api.spec.ts","",""
"","6","should validate customer accounts using SQL","firefox","2026-10-06","passed","2026-10-06","Banking Application - Database Validation","tests/database.spec.ts","",""
"","1473","should successfully login with valid credentials","webkit","2026-10-06","passed","2026-10-06","Banking Application - Login","tests/login.spec.ts","",""
"","1305","should open a new savings account","chromium","2026-10-06","passed","2026-10-06","Banking Application - Account Opening","tests/open-account.spec.ts","",""
"","6","should validate customer accounts using SQL","chromium","2026-10-06","passed","2026-10-06","Banking Application - Database Validation","tests/database.spec.ts","",""
"","1962","should scan the Open New Account page for WCAG accessibility violations","chromium","2026-10-06","passed","2026-10-06","Banking Application - Accessibility","accessibility/accessibility.spec.ts","",""
